{"Val_0.5_threshold_MCC": 0.7932194783284244, "_timestamp": 1716729319.615458, "_runtime": 1662.1431319713593, "_step": 1, "Test_0.5_threshold_MCC": 0.8471502027562289, "_wandb": {"runtime": 1663}}