{"Val_0.5_threshold_MCC": 0.7904833757836548, "_timestamp": 1716725977.3823206, "_runtime": 1662.7049267292023, "_step": 1, "Test_0.5_threshold_MCC": 0.868356059290199, "_wandb": {"runtime": 1663}}