{"Val_0.5_threshold_MCC": 0.8049062735372927, "_timestamp": 1716724307.6149375, "_runtime": 1666.5035774707794, "_step": 1, "Test_0.5_threshold_MCC": 0.8573656016355957, "_wandb": {"runtime": 1668}}