{"Val_0.5_threshold_MCC": 0.8252359601566425, "_timestamp": 1716727649.4009967, "_runtime": 1663.294264793396, "_step": 1, "Test_0.5_threshold_MCC": 0.8573656016355957, "_wandb": {"runtime": 1664}}